chain,name,address_as_printed,source
metro,Metro Chorrillos,Av. Prol. Paseo de la República s/n Matellini,https://www.cencosud.com/cencosud/site/docs/20260410/20260410085306/memoria_integrada_2025_cencosud.pdf
metro,Metro Breña,Esq. Av.Venezuela con Av.Alfonso Ugarte - Breña,https://www.cencosud.com/cencosud/site/docs/20260410/20260410085306/memoria_integrada_2025_cencosud.pdf
metro,Metro Limatambo,"Esq. Av.Angamos con Aviación, Limatambo - San Borja",https://www.cencosud.com/cencosud/site/docs/20260410/20260410085306/memoria_integrada_2025_cencosud.pdf
metro,Metro San Miguel,Av. La Marina cuadra 25 - San Miguel,https://www.cencosud.com/cencosud/site/docs/20260410/20260410085306/memoria_integrada_2025_cencosud.pdf
metro,Metro San Juan de Lurigancho,Av. Próceres de la Independencia 1632 - S.J.Lurigancho,https://www.cencosud.com/cencosud/site/docs/20260410/20260410085306/memoria_integrada_2025_cencosud.pdf
metro,Metro Canadá,Av.Canadá 654 esq. con Av.Nicolás Arriola - La Victoria,https://www.cencosud.com/cencosud/site/docs/20260410/20260410085306/memoria_integrada_2025_cencosud.pdf
metro,Metro Cercado de Lima,Jr. Cuzco 245 Cercado de Lima,https://www.cencosud.com/cencosud/site/docs/20260410/20260410085306/memoria_integrada_2025_cencosud.pdf
metro,Metro Colonial,R. Oscar Benavides 3002 Cercado de Lima,https://www.cencosud.com/cencosud/site/docs/20260410/20260410085306/memoria_integrada_2025_cencosud.pdf
metro,Metro Comas,Av. Tupac Amaru s/n cuadra 39 - Comas,https://www.cencosud.com/cencosud/site/docs/20260410/20260410085306/memoria_integrada_2025_cencosud.pdf
metro,Metro Independencia,Panamericana Norte - Independencia,https://www.cencosud.com/cencosud/site/docs/20260410/20260410085306/memoria_integrada_2025_cencosud.pdf
metro,Metro Plaza Lima Norte,Esq. Panamericana Norte con Av. Tomas Valle (CC),https://www.cencosud.com/cencosud/site/docs/20260410/20260410085306/memoria_integrada_2025_cencosud.pdf
metro,Metro Ovalo Papal (TRU),Urb.Vista Hermosa - Trujillo,https://www.cencosud.com/cencosud/site/docs/20260410/20260410085306/memoria_integrada_2025_cencosud.pdf
metro,Metro La Molina,Av.La Molina 1068 esq. con Las Zarzamoras - La Molina,https://www.cencosud.com/cencosud/site/docs/20260410/20260410085306/memoria_integrada_2025_cencosud.pdf
metro,Metro Garzón,Gral. Garzón 1337 Jesús María (CC),https://www.cencosud.com/cencosud/site/docs/20260410/20260410085306/memoria_integrada_2025_cencosud.pdf
metro,Metro Aramburú,Calle Las Tiendas 290 Surquillo,https://www.cencosud.com/cencosud/site/docs/20260410/20260410085306/memoria_integrada_2025_cencosud.pdf
metro,Metro Pershing,Av. Gregorio Escobedo 1050 Jesús María,https://www.cencosud.com/cencosud/site/docs/20260410/20260410085306/memoria_integrada_2025_cencosud.pdf
metro,Metro Shell,Calle Shell 250 - Miraflores,https://www.cencosud.com/cencosud/site/docs/20260410/20260410085306/memoria_integrada_2025_cencosud.pdf
metro,Metro Barranco,Av. Grau 513 - Barranco (antiguo Mercado de Barranco),https://www.cencosud.com/cencosud/site/docs/20260410/20260410085306/memoria_integrada_2025_cencosud.pdf
metro,Metro San Juan de Miraflores,Av. Los Héroes 100 San Juan de Miraflores (La Curva),https://www.cencosud.com/cencosud/site/docs/20260410/20260410085306/memoria_integrada_2025_cencosud.pdf
metro,Metro Comas - Retablo,"Av. Universitaria,Lote 1,Mza.E, Urb.El Retablo II - Comas",https://www.cencosud.com/cencosud/site/docs/20260410/20260410085306/memoria_integrada_2025_cencosud.pdf
metro,Metro Pizarro (TRU),Jr.Pizarro 700 Centro - Trujillo,https://www.cencosud.com/cencosud/site/docs/20260410/20260410085306/memoria_integrada_2025_cencosud.pdf
metro,Metro Ventanilla,Av. Nestor Gambeta s/n Ventanilla,https://www.cencosud.com/cencosud/site/docs/20260410/20260410085306/memoria_integrada_2025_cencosud.pdf
metro,Metro La Victoria,Jr. Francisco Luna Pizarro 1550 La Vcitoria,https://www.cencosud.com/cencosud/site/docs/20260410/20260410085306/memoria_integrada_2025_cencosud.pdf
metro,Metro Angelica Gamarra,"Av. Tomás Valle, Lote 1, Mz. R1 Callao",https://www.cencosud.com/cencosud/site/docs/20260410/20260410085306/memoria_integrada_2025_cencosud.pdf
metro,Metro San Juan de Miraflores,"Av.Los Héroes, Mz.Z ,Lote 16A, San Juan de Miraflores",https://www.cencosud.com/cencosud/site/docs/20260410/20260410085306/memoria_integrada_2025_cencosud.pdf
metro,Metro Barranco - Ovalo,Ovalo Balta 1198 - 1102 Barranco,https://www.cencosud.com/cencosud/site/docs/20260410/20260410085306/memoria_integrada_2025_cencosud.pdf
metro,Metro Bellavista,Av. Oscar R. Benavides 1608 Bellavista - Callao,https://www.cencosud.com/cencosud/site/docs/20260410/20260410085306/memoria_integrada_2025_cencosud.pdf
metro,Metro Rímac (Perricholi),Jr. Trujillo No. 414 Rímac,https://www.cencosud.com/cencosud/site/docs/20260410/20260410085306/memoria_integrada_2025_cencosud.pdf
metro,Metro Breña - Martinto,"Av. Arica 571, 581, 589, 599 Breña",https://www.cencosud.com/cencosud/site/docs/20260410/20260410085306/memoria_integrada_2025_cencosud.pdf
metro,Metro Próceres,Mza. N-1 Lote 05 U.V. APV. Los Pinos - S.J. Lurigancho,https://www.cencosud.com/cencosud/site/docs/20260410/20260410085306/memoria_integrada_2025_cencosud.pdf
metro,Metro Miotta,S/N Av. Pedro Miotta Esq. Alipio Ponce,https://www.cencosud.com/cencosud/site/docs/20260410/20260410085306/memoria_integrada_2025_cencosud.pdf
metro,Metro Arzobispado,Av. Manco Capac esq. con Bausate y Meza - La Victoria,https://www.cencosud.com/cencosud/site/docs/20260410/20260410085306/memoria_integrada_2025_cencosud.pdf
metro,Metro Faucett,Av.Venezuela 5415 San Miguel,https://www.cencosud.com/cencosud/site/docs/20260410/20260410085306/memoria_integrada_2025_cencosud.pdf
metro,Metro Arenales,Bartolomé Herrera esq. Av.Arenales - Lince (CC),https://www.cencosud.com/cencosud/site/docs/20260410/20260410085306/memoria_integrada_2025_cencosud.pdf
metro,Metro Puruchuco,Av. Nicolás Ayllón 4297 - Ate,https://www.cencosud.com/cencosud/site/docs/20260410/20260410085306/memoria_integrada_2025_cencosud.pdf
metro,Metro San Felipe,CC San Felipe s/n Int. 67C Res. San Felipe - Jesús María,https://www.cencosud.com/cencosud/site/docs/20260410/20260410085306/memoria_integrada_2025_cencosud.pdf
metro,Metro Plaza Castilla,Plaza Ramón Castilla esq. Jr.Oroya y Av.Alfonso Ugarte -,https://www.cencosud.com/cencosud/site/docs/20260410/20260410085306/memoria_integrada_2025_cencosud.pdf
metro,Metro Balta (CHI),Av. Balta 155 - Chiclayo,https://www.cencosud.com/cencosud/site/docs/20260410/20260410085306/memoria_integrada_2025_cencosud.pdf
metro,Metro Huaylas,Av. Huaylas - Chorrillos,https://www.cencosud.com/cencosud/site/docs/20260410/20260410085306/memoria_integrada_2025_cencosud.pdf
metro,Metro Santa Elena (CHI),Av. Tommy Stack 255 - Chiclayo,https://www.cencosud.com/cencosud/site/docs/20260410/20260410085306/memoria_integrada_2025_cencosud.pdf
metro,Metro Barranca,Av. 9 de Diciembre esq. con calle Castilla,https://www.cencosud.com/cencosud/site/docs/20260410/20260410085306/memoria_integrada_2025_cencosud.pdf
metro,Metro Cutervo (ICA),Av. Cutervo 128 - Ica,https://www.cencosud.com/cencosud/site/docs/20260410/20260410085306/memoria_integrada_2025_cencosud.pdf
metro,Metro Chaclacayo,Av. Nicolas Ayllon Nro. 965-975,https://www.cencosud.com/cencosud/site/docs/20260410/20260410085306/memoria_integrada_2025_cencosud.pdf
metro,Metro Plaza La Luna (PIU),Av. Grau 1460,https://www.cencosud.com/cencosud/site/docs/20260410/20260410085306/memoria_integrada_2025_cencosud.pdf
metro,Metro América - Penta (TRU),Av. Mansiche 1703 - Trujillo,https://www.cencosud.com/cencosud/site/docs/20260410/20260410085306/memoria_integrada_2025_cencosud.pdf
metro,Metro Amazonas (CAJ),Jr. Amazonas 911,https://www.cencosud.com/cencosud/site/docs/20260410/20260410085306/memoria_integrada_2025_cencosud.pdf
metro,Metro Hunter (AQP),"Av. Las Americas Mz J Urb. La Colina - Jacobo Hunter,",https://www.cencosud.com/cencosud/site/docs/20260410/20260410085306/memoria_integrada_2025_cencosud.pdf
metro,Metro Pacifico Chimbote,Av. Pacífico 272A,https://www.cencosud.com/cencosud/site/docs/20260410/20260410085306/memoria_integrada_2025_cencosud.pdf
metro,Metro Los Maestros (ICA),Sub Lote E.U.O. A-6 y Sublote E.U.O. A-7 del Fundo San,https://www.cencosud.com/cencosud/site/docs/20260410/20260410085306/memoria_integrada_2025_cencosud.pdf
metro,Metro Cerro Colorado (AQP),Av. Aviación 600 Urb. Cerro Colorado,https://www.cencosud.com/cencosud/site/docs/20260410/20260410085306/memoria_integrada_2025_cencosud.pdf
metro,Metro Chilca (HYO),Av. 9 de Diciembre N° 517,https://www.cencosud.com/cencosud/site/docs/20260410/20260410085306/memoria_integrada_2025_cencosud.pdf
metro,Metro Huanuco,Jr. Crespo Castillo y San Martín,https://www.cencosud.com/cencosud/site/docs/20260410/20260410085306/memoria_integrada_2025_cencosud.pdf
metro,Metro Chosica,Av. 28 de Julio N° 501-529-531 y Jr. Cajamarca,https://www.cencosud.com/cencosud/site/docs/20260410/20260410085306/memoria_integrada_2025_cencosud.pdf
metro,Metro San Eduardo (PIU),"Mz. B Sub Lote 17-A y 17-B, Urb. San Eduardo",https://www.cencosud.com/cencosud/site/docs/20260410/20260410085306/memoria_integrada_2025_cencosud.pdf
metro,Metro Cajamarca (CAJ),Calle Sor Manuela Gil s/n CC El Quinde - Cajamarca,https://www.cencosud.com/cencosud/site/docs/20260410/20260410085306/memoria_integrada_2025_cencosud.pdf
metro,Metro Luis Gonzál (CHI),Av.Luis Gonzales 711 Centro Historico - Chiclayo,https://www.cencosud.com/cencosud/site/docs/20260410/20260410085306/memoria_integrada_2025_cencosud.pdf
metro,Metro Santa Victoria (CHI),Av.Sesquicentenario 425 Urb.Santa Victoria - Chicalyo,https://www.cencosud.com/cencosud/site/docs/20260410/20260410085306/memoria_integrada_2025_cencosud.pdf
metro,Metro Grau (CHI),Av. Miguel Grau 610 - Chiclayo,https://www.cencosud.com/cencosud/site/docs/20260410/20260410085306/memoria_integrada_2025_cencosud.pdf
metro,Metro Lambayeque (LAM),Av.Ramón Castilla 898 - Lambayeque,https://www.cencosud.com/cencosud/site/docs/20260410/20260410085306/memoria_integrada_2025_cencosud.pdf
metro,Metro Plaza Norte (AQP),Km 9 de la carretera a Yura,https://www.cencosud.com/cencosud/site/docs/20260410/20260410085306/memoria_integrada_2025_cencosud.pdf
metro,Metro Ejercito (AQP),Av. El Ejercito 601 Cruce con Calle Jerusalén. Yanahuara,https://www.cencosud.com/cencosud/site/docs/20260410/20260410085306/memoria_integrada_2025_cencosud.pdf
metro,Metro Santa Clara,Av. Nicolas Ayllon 8508 ­ 8510 Ate,https://www.cencosud.com/cencosud/site/docs/20260410/20260410085306/memoria_integrada_2025_cencosud.pdf
metro,Metro El Agustino,Jr. Ancash 2151 ­ El Agustino,https://www.cencosud.com/cencosud/site/docs/20260410/20260410085306/memoria_integrada_2025_cencosud.pdf
metro,Metro Lambramani (AQP),Av. Lambramani 325 (CC) - Arequipa,https://www.cencosud.com/cencosud/site/docs/20260410/20260410085306/memoria_integrada_2025_cencosud.pdf
metro,Metro Minka,Av Argentina 3257 calle 3 pabellón 9 ­ Centro comercial,https://www.cencosud.com/cencosud/site/docs/20260410/20260410085306/memoria_integrada_2025_cencosud.pdf
metro,Metro Tumbes,"Calle San Martín N°275, primer piso interior 100",https://www.cencosud.com/cencosud/site/docs/20260410/20260410085306/memoria_integrada_2025_cencosud.pdf
metro,Metro Gamarra,JR. GAMARRA 1215,https://www.cencosud.com/cencosud/site/docs/20260410/20260410085306/memoria_integrada_2025_cencosud.pdf
metro,Metro Santa Anita,"Av. Nicolás Ayllón s/n, CC Mall Aventura Santa Anita,",https://www.cencosud.com/cencosud/site/docs/20260410/20260410085306/memoria_integrada_2025_cencosud.pdf
wong,Wong 2 de Mayo,Av. 2 de Mayo 1099 San Isidro,https://www.cencosud.com/cencosud/site/docs/20260410/20260410085306/memoria_integrada_2025_cencosud.pdf
wong,Wong Ovalo Gutierrez,Av. Santa Cruz 771 Miraflores,https://www.cencosud.com/cencosud/site/docs/20260410/20260410085306/memoria_integrada_2025_cencosud.pdf
wong,Wong Aurora,Arias Schereiber 270 Aurora - Miraflores,https://www.cencosud.com/cencosud/site/docs/20260410/20260410085306/memoria_integrada_2025_cencosud.pdf
wong,Wong Benavides,Av. Benavides 1475 San Antonio - Miraflores,https://www.cencosud.com/cencosud/site/docs/20260410/20260410085306/memoria_integrada_2025_cencosud.pdf
wong,Wong Chacarilla,Monte Bello 150 Chacarilla - Santiago de Surco,https://www.cencosud.com/cencosud/site/docs/20260410/20260410085306/memoria_integrada_2025_cencosud.pdf
wong,Wong San Borja,Ucello 162 San Borja,https://www.cencosud.com/cencosud/site/docs/20260410/20260410085306/memoria_integrada_2025_cencosud.pdf
wong,Wong La Molina,Las Retamas 190 La Molina,https://www.cencosud.com/cencosud/site/docs/20260410/20260410085306/memoria_integrada_2025_cencosud.pdf
wong,Wong San Miguel,Esq. Av.La Marina con Universitaria - San Miguel (CC),https://www.cencosud.com/cencosud/site/docs/20260410/20260410085306/memoria_integrada_2025_cencosud.pdf
wong,Wong Camacho,Av. J.Prado Este cuadra 50 CC Camacho - La Molina,https://www.cencosud.com/cencosud/site/docs/20260410/20260410085306/memoria_integrada_2025_cencosud.pdf
wong,Wong La Planicie,"Esq. Elías Aparicio con Tahití, La Planicie - La Molina",https://www.cencosud.com/cencosud/site/docs/20260410/20260410085306/memoria_integrada_2025_cencosud.pdf
wong,Wong Aldava,Av.Benavides cdra.52 esq. con Los Artesanos - Surco,https://www.cencosud.com/cencosud/site/docs/20260410/20260410085306/memoria_integrada_2025_cencosud.pdf
wong,Wong Asia,Km 97.5 Panamericana Sur - Asia (CC),https://www.cencosud.com/cencosud/site/docs/20260410/20260410085306/memoria_integrada_2025_cencosud.pdf
wong,Wong California (TRU),Los Ángeles 388 Urb. California - Trujillo,https://www.cencosud.com/cencosud/site/docs/20260410/20260410085306/memoria_integrada_2025_cencosud.pdf
wong,Wong Larco (TRU),Av. Larco 857 Urb. La Merced - Trujillo,https://www.cencosud.com/cencosud/site/docs/20260410/20260410085306/memoria_integrada_2025_cencosud.pdf
wong,Wong Bajada Balta,Av. Bajada Balta 626,https://www.cencosud.com/cencosud/site/docs/20260410/20260410085306/memoria_integrada_2025_cencosud.pdf
wong,Wong Tomas Marsano,Av. Tomás Marsano Mza B - Surco,https://www.cencosud.com/cencosud/site/docs/20260410/20260410085306/memoria_integrada_2025_cencosud.pdf
wong,Wong Larcomar,Av. Malecón de la Reserva 610. CC Larcomar - Miraflores,https://www.cencosud.com/cencosud/site/docs/20260410/20260410085306/memoria_integrada_2025_cencosud.pdf
wong,Wong Sol de la Molina,Av. La Molina Manzana N Lote 11 urbanización sol de la,https://www.cencosud.com/cencosud/site/docs/20260410/20260410085306/memoria_integrada_2025_cencosud.pdf
wong,Wong Km40,Agrupamiento de Familias Jahuay Sector A Mz y Lt 1-4 -,https://www.cencosud.com/cencosud/site/docs/20260410/20260410085306/memoria_integrada_2025_cencosud.pdf
wong,Wong Ate,Av. La Molina 378 - Ate,https://www.cencosud.com/cencosud/site/docs/20260410/20260410085306/memoria_integrada_2025_cencosud.pdf
